h value,H2O,H2,O2,reaction
0.2,-467.07838256602463,-31.970161131559376,-864.9453976100142,-5.271045258916274
0.16,-466.8123517567039,-31.747707452159684,-864.0838108686103,-6.045477740478191
0.14,-466.9014658894129,-31.738826308834593,-864.5809517618187,-5.744327399337976
0.12,-466.9378392402661,-31.7345696317188,-864.4347393791642,-5.971799837930462
